cc,icd,version,year
2,0031,9,2016
115,00322,9,2016
39,00323,9,2016
39,00324,9,2016
115,0064,9,2016
6,0074,9,2016
2,0202,9,2016
115,0203,9,2016
115,0204,9,2016
115,0205,9,2016
115,0212,9,2016
115,0221,9,2016
2,0223,9,2016
6,0310,9,2016
6,0312,9,2016
33,03283,9,2016
2,0362,9,2016
23,0363,9,2016
39,03682,9,2016
2,0380,9,2016
2,03810,9,2016
2,03811,9,2016
2,03812,9,2016
2,03819,9,2016
2,0382,9,2016
2,0383,9,2016
2,03840,9,2016
2,03841,9,2016
2,03842,9,2016
2,03843,9,2016
2,03844,9,2016
2,03849,9,2016
2,0388,9,2016
2,0389,9,2016
115,0391,9,2016
106,0400,9,2016
2,04082,9,2016
1,042,9,2016
52,0460,9,2016
52,04611,9,2016
52,04619,9,2016
52,0462,9,2016
52,0463,9,2016
52,04671,9,2016
52,04672,9,2016
52,04679,9,2016
52,0468,9,2016
52,0469,9,2016
72,0522,9,2016
72,05314,9,2016
2,0545,9,2016
72,05474,9,2016
39,05671,9,2016
29,07022,9,2016
29,07023,9,2016
29,07032,9,2016
29,07033,9,2016
29,07044,9,2016
29,07054,9,2016
6,0785,9,2016
141,0786,9,2016
1,07953,9,2016
99,09487,9,2016
39,09850,9,2016
39,09851,9,2016
39,09852,9,2016
39,09853,9,2016
39,09859,9,2016
33,09886,9,2016
40,0993,9,2016
39,1026,9,2016
6,1124,9,2016
6,1125,9,2016
6,11284,9,2016
115,1140,9,2016
115,1144,9,2016
115,1145,9,2016
115,11505,9,2016
115,11515,9,2016
115,11595,9,2016
6,1173,9,2016
6,1175,9,2016
6,1177,9,2016
6,118,9,2016
115,1212,9,2016
115,1221,9,2016
6,1300,9,2016
6,1304,9,2016
6,1308,9,2016
112,135,9,2016
40,1361,9,2016
6,1363,9,2016
11,1410,9,2016
11,1411,9,2016
11,1412,9,2016
11,1413,9,2016
11,1414,9,2016
11,1415,9,2016
11,1416,9,2016
11,1418,9,2016
11,1419,9,2016
11,1420,9,2016
11,1421,9,2016
11,1422,9,2016
11,1428,9,2016
11,1429,9,2016
11,1430,9,2016
11,1431,9,2016
11,1438,9,2016
11,1439,9,2016
11,1440,9,2016
11,1441,9,2016
11,1448,9,2016
11,1449,9,2016
11,1450,9,2016
11,1451,9,2016
11,1452,9,2016
11,1453,9,2016
11,1454,9,2016
11,1455,9,2016
11,1456,9,2016
11,1458,9,2016
11,1459,9,2016
11,1460,9,2016
11,1461,9,2016
11,1462,9,2016
11,1463,9,2016
11,1464,9,2016
11,1465,9,2016
11,1466,9,2016
11,1467,9,2016
11,1468,9,2016
11,1469,9,2016
11,1470,9,2016
11,1471,9,2016
11,1472,9,2016
11,1473,9,2016
11,1478,9,2016
11,1479,9,2016
11,1480,9,2016
11,1481,9,2016
11,1482,9,2016
11,1483,9,2016
11,1488,9,2016
11,1489,9,2016
11,1490,9,2016
11,1491,9,2016
11,1498,9,2016
11,1499,9,2016
9,1500,9,2016
9,1501,9,2016
9,1502,9,2016
9,1503,9,2016
9,1504,9,2016
9,1505,9,2016
9,1508,9,2016
9,1509,9,2016
9,1510,9,2016
9,1511,9,2016
9,1512,9,2016
9,1513,9,2016
9,1514,9,2016
9,1515,9,2016
9,1516,9,2016
9,1518,9,2016
9,1519,9,2016
9,1520,9,2016
9,1521,9,2016
9,1522,9,2016
9,1523,9,2016
9,1528,9,2016
9,1529,9,2016
11,1530,9,2016
11,1531,9,2016
11,1532,9,2016
11,1533,9,2016
11,1534,9,2016
11,1535,9,2016
11,1536,9,2016
11,1537,9,2016
11,1538,9,2016
11,1539,9,2016
11,1540,9,2016
11,1541,9,2016
11,1542,9,2016
11,1543,9,2016
11,1548,9,2016
9,1550,9,2016
9,1551,9,2016
9,1552,9,2016
9,1560,9,2016
9,1561,9,2016
9,1562,9,2016
9,1568,9,2016
9,1569,9,2016
9,1570,9,2016
9,1571,9,2016
9,1572,9,2016
9,1573,9,2016
9,1574,9,2016
9,1578,9,2016
9,1579,9,2016
9,1580,9,2016
9,1588,9,2016
9,1589,9,2016
11,1590,9,2016
11,1591,9,2016
11,1598,9,2016
11,1599,9,2016
11,1600,9,2016
11,1601,9,2016
11,1602,9,2016
11,1603,9,2016
11,1604,9,2016
11,1605,9,2016
11,1608,9,2016
11,1609,9,2016
11,1610,9,2016
11,1611,9,2016
11,1612,9,2016
11,1613,9,2016
11,1618,9,2016
11,1619,9,2016
9,1620,9,2016
9,1622,9,2016
9,1623,9,2016
9,1624,9,2016
9,1625,9,2016
9,1628,9,2016
9,1629,9,2016
9,1630,9,2016
9,1631,9,2016
9,1638,9,2016
9,1639,9,2016
11,1640,9,2016
11,1641,9,2016
11,1642,9,2016
11,1643,9,2016
11,1648,9,2016
11,1649,9,2016
11,1650,9,2016
11,1658,9,2016
11,1659,9,2016
10,1700,9,2016
10,1701,9,2016
10,1702,9,2016
10,1703,9,2016
10,1704,9,2016
10,1705,9,2016
10,1706,9,2016
10,1707,9,2016
10,1708,9,2016
10,1709,9,2016
10,1710,9,2016
10,1712,9,2016
10,1713,9,2016
10,1714,9,2016
10,1715,9,2016
10,1716,9,2016
10,1717,9,2016
10,1718,9,2016
10,1719,9,2016
12,1720,9,2016
12,1721,9,2016
12,1722,9,2016
12,1723,9,2016
12,1724,9,2016
12,1725,9,2016
12,1726,9,2016
12,1727,9,2016
12,1728,9,2016
12,1729,9,2016
12,1740,9,2016
12,1741,9,2016
12,1742,9,2016
12,1743,9,2016
12,1744,9,2016
12,1745,9,2016
12,1746,9,2016
12,1748,9,2016
12,1749,9,2016
12,1750,9,2016
12,1759,9,2016
10,1760,9,2016
10,1761,9,2016
10,1762,9,2016
10,1763,9,2016
10,1764,9,2016
10,1765,9,2016
10,1768,9,2016
10,1769,9,2016
12,179,9,2016
11,1800,9,2016
11,1801,9,2016
11,1808,9,2016
11,1809,9,2016
10,181,9,2016
12,1820,9,2016
12,1821,9,2016
12,1828,9,2016
10,1830,9,2016
10,1832,9,2016
10,1833,9,2016
10,1834,9,2016
10,1835,9,2016
10,1838,9,2016
10,1839,9,2016
11,1840,9,2016
11,1841,9,2016
11,1842,9,2016
11,1843,9,2016
11,1844,9,2016
11,1848,9,2016
11,1849,9,2016
12,185,9,2016
12,1860,9,2016
12,1869,9,2016
12,1871,9,2016
12,1872,9,2016
12,1873,9,2016
12,1874,9,2016
12,1875,9,2016
12,1876,9,2016
12,1877,9,2016
12,1878,9,2016
12,1879,9,2016
11,1880,9,2016
11,1881,9,2016
11,1882,9,2016
11,1883,9,2016
11,1884,9,2016
11,1885,9,2016
11,1886,9,2016
11,1887,9,2016
11,1888,9,2016
11,1889,9,2016
11,1890,9,2016
11,1891,9,2016
11,1892,9,2016
11,1893,9,2016
11,1894,9,2016
11,1898,9,2016
11,1899,9,2016
12,1900,9,2016
12,1901,9,2016
12,1902,9,2016
12,1903,9,2016
12,1904,9,2016
12,1905,9,2016
12,1906,9,2016
12,1907,9,2016
12,1908,9,2016
12,1909,9,2016
10,1910,9,2016
10,1911,9,2016
10,1912,9,2016
10,1913,9,2016
10,1914,9,2016
10,1915,9,2016
10,1916,9,2016
10,1917,9,2016
10,1918,9,2016
10,1919,9,2016
10,1920,9,2016
10,1921,9,2016
10,1922,9,2016
10,1923,9,2016
10,1928,9,2016
10,1929,9,2016
12,193,9,2016
10,1940,9,2016
12,1941,9,2016
10,1943,9,2016
10,1944,9,2016
12,1945,9,2016
12,1946,9,2016
12,1948,9,2016
12,1949,9,2016
12,1950,9,2016
12,1951,9,2016
12,1952,9,2016
12,1953,9,2016
12,1954,9,2016
12,1955,9,2016
12,1958,9,2016
8,1960,9,2016
8,1961,9,2016
8,1962,9,2016
10,1963,9,2016
8,1965,9,2016
8,1966,9,2016
8,1968,9,2016
10,1969,9,2016
8,1970,9,2016
8,1971,9,2016
8,1972,9,2016
8,1973,9,2016
8,1974,9,2016
8,1975,9,2016
8,1976,9,2016
8,1977,9,2016
8,1978,9,2016
8,1980,9,2016
8,1981,9,2016
10,1982,9,2016
8,1983,9,2016
8,1984,9,2016
8,1985,9,2016
8,1986,9,2016
8,1987,9,2016
10,19881,9,2016
10,19882,9,2016
8,19889,9,2016
8,1990,9,2016
12,1991,9,2016
12,1992,9,2016
10,20000,9,2016
10,20001,9,2016
10,20002,9,2016
10,20003,9,2016
10,20004,9,2016
10,20005,9,2016
10,20006,9,2016
10,20007,9,2016
10,20008,9,2016
10,20010,9,2016
10,20011,9,2016
10,20012,9,2016
10,20013,9,2016
10,20014,9,2016
10,20015,9,2016
10,20016,9,2016
10,20017,9,2016
10,20018,9,2016
10,20020,9,2016
10,20021,9,2016
10,20022,9,2016
10,20023,9,2016
10,20024,9,2016
10,20025,9,2016
10,20026,9,2016
10,20027,9,2016
10,20028,9,2016
10,20030,9,2016
10,20031,9,2016
10,20032,9,2016
10,20033,9,2016
10,20034,9,2016
10,20035,9,2016
10,20036,9,2016
10,20037,9,2016
10,20038,9,2016
10,20040,9,2016
10,20041,9,2016
10,20042,9,2016
10,20043,9,2016
10,20044,9,2016
10,20045,9,2016
10,20046,9,2016
10,20047,9,2016
10,20048,9,2016
10,20050,9,2016
10,20051,9,2016
10,20052,9,2016
10,20053,9,2016
10,20054,9,2016
10,20055,9,2016
10,20056,9,2016
10,20057,9,2016
10,20058,9,2016
10,20060,9,2016
10,20061,9,2016
10,20062,9,2016
10,20063,9,2016
10,20064,9,2016
10,20065,9,2016
10,20066,9,2016
10,20067,9,2016
10,20068,9,2016
10,20070,9,2016
10,20071,9,2016
10,20072,9,2016
10,20073,9,2016
10,20074,9,2016
10,20075,9,2016
10,20076,9,2016
10,20077,9,2016
10,20078,9,2016
10,20080,9,2016
10,20081,9,2016
10,20082,9,2016
10,20083,9,2016
10,20084,9,2016
10,20085,9,2016
10,20086,9,2016
10,20087,9,2016
10,20088,9,2016
10,20100,9,2016
10,20101,9,2016
10,20102,9,2016
10,20103,9,2016
10,20104,9,2016
10,20105,9,2016
10,20106,9,2016
10,20107,9,2016
10,20108,9,2016
10,20110,9,2016
10,20111,9,2016
10,20112,9,2016
10,20113,9,2016
10,20114,9,2016
10,20115,9,2016
10,20116,9,2016
10,20117,9,2016
10,20118,9,2016
10,20120,9,2016
10,20121,9,2016
10,20122,9,2016
10,20123,9,2016
10,20124,9,2016
10,20125,9,2016
10,20126,9,2016
10,20127,9,2016
10,20128,9,2016
10,20140,9,2016
10,20141,9,2016
10,20142,9,2016
10,20143,9,2016
10,20144,9,2016
10,20145,9,2016
10,20146,9,2016
10,20147,9,2016
10,20148,9,2016
10,20150,9,2016
10,20151,9,2016
10,20152,9,2016
10,20153,9,2016
10,20154,9,2016
10,20155,9,2016
10,20156,9,2016
10,20157,9,2016
10,20158,9,2016
10,20160,9,2016
10,20161,9,2016
10,20162,9,2016
10,20163,9,2016
10,20164,9,2016
10,20165,9,2016
10,20166,9,2016
10,20167,9,2016
10,20168,9,2016
10,20170,9,2016
10,20171,9,2016
10,20172,9,2016
10,20173,9,2016
10,20174,9,2016
10,20175,9,2016
10,20176,9,2016
10,20177,9,2016
10,20178,9,2016
10,20190,9,2016
10,20191,9,2016
10,20192,9,2016
10,20193,9,2016
10,20194,9,2016
10,20195,9,2016
10,20196,9,2016
10,20197,9,2016
10,20198,9,2016
10,20200,9,2016
10,20201,9,2016
10,20202,9,2016
10,20203,9,2016
10,20204,9,2016
10,20205,9,2016
10,20206,9,2016
10,20207,9,2016
10,20208,9,2016
10,20210,9,2016
10,20211,9,2016
10,20212,9,2016
10,20213,9,2016
10,20214,9,2016
10,20215,9,2016
10,20216,9,2016
10,20217,9,2016
10,20218,9,2016
10,20220,9,2016
10,20221,9,2016
10,20222,9,2016
10,20223,9,2016
10,20224,9,2016
10,20225,9,2016
10,20226,9,2016
10,20227,9,2016
10,20228,9,2016
10,20230,9,2016
10,20231,9,2016
10,20232,9,2016
10,20233,9,2016
10,20234,9,2016
10,20235,9,2016
10,20236,9,2016
10,20237,9,2016
10,20238,9,2016
10,20240,9,2016
10,20241,9,2016
10,20242,9,2016
10,20243,9,2016
10,20244,9,2016
10,20245,9,2016
10,20246,9,2016
10,20247,9,2016
10,20248,9,2016
10,20250,9,2016
10,20251,9,2016
10,20252,9,2016
10,20253,9,2016
10,20254,9,2016
10,20255,9,2016
10,20256,9,2016
10,20257,9,2016
10,20258,9,2016
10,20260,9,2016
10,20261,9,2016
10,20262,9,2016
10,20263,9,2016
10,20264,9,2016
10,20265,9,2016
10,20266,9,2016
10,20267,9,2016
10,20268,9,2016
10,20270,9,2016
10,20271,9,2016
10,20272,9,2016
10,20273,9,2016
10,20274,9,2016
10,20275,9,2016
10,20276,9,2016
10,20277,9,2016
10,20278,9,2016
10,20280,9,2016
10,20281,9,2016
10,20282,9,2016
10,20283,9,2016
10,20284,9,2016
10,20285,9,2016
10,20286,9,2016
10,20287,9,2016
10,20288,9,2016
10,20290,9,2016
10,20291,9,2016
10,20292,9,2016
10,20293,9,2016
10,20294,9,2016
10,20295,9,2016
10,20296,9,2016
10,20297,9,2016
10,20298,9,2016
9,20300,9,2016
9,20301,9,2016
9,20302,9,2016
9,20310,9,2016
9,20311,9,2016
9,20312,9,2016
9,20380,9,2016
9,20381,9,2016
9,20382,9,2016
8,20400,9,2016
8,20401,9,2016
8,20402,9,2016
10,20410,9,2016
10,20411,9,2016
10,20412,9,2016
10,20420,9,2016
10,20421,9,2016
10,20422,9,2016
10,20480,9,2016
10,20481,9,2016
10,20482,9,2016
10,20490,9,2016
10,20491,9,2016
10,20492,9,2016
8,20500,9,2016
8,20501,9,2016
8,20502,9,2016
9,20510,9,2016
9,20511,9,2016
9,20512,9,2016
9,20520,9,2016
9,20521,9,2016
9,20522,9,2016
9,20530,9,2016
9,20531,9,2016
9,20532,9,2016
9,20580,9,2016
9,20581,9,2016
9,20582,9,2016
9,20590,9,2016
9,20591,9,2016
9,20592,9,2016
8,20600,9,2016
8,20601,9,2016
8,20602,9,2016
9,20610,9,2016
9,20611,9,2016
9,20612,9,2016
9,20620,9,2016
9,20621,9,2016
9,20622,9,2016
9,20680,9,2016
9,20681,9,2016
9,20682,9,2016
9,20690,9,2016
9,20691,9,2016
9,20692,9,2016
8,20700,9,2016
8,20701,9,2016
8,20702,9,2016
9,20710,9,2016
9,20711,9,2016
9,20712,9,2016
9,20720,9,2016
9,20721,9,2016
9,20722,9,2016
9,20780,9,2016
9,20781,9,2016
9,20782,9,2016
8,20800,9,2016
8,20801,9,2016
8,20802,9,2016
10,20810,9,2016
10,20811,9,2016
10,20812,9,2016
10,20820,9,2016
10,20821,9,2016
10,20822,9,2016
10,20880,9,2016
10,20881,9,2016
10,20882,9,2016
10,20890,9,2016
10,20891,9,2016
10,20892,9,2016
12,20900,9,2016
12,20901,9,2016
12,20902,9,2016
12,20903,9,2016
12,20910,9,2016
12,20911,9,2016
12,20912,9,2016
12,20913,9,2016
12,20914,9,2016
12,20915,9,2016
12,20916,9,2016
12,20917,9,2016
12,20920,9,2016
12,20921,9,2016
12,20922,9,2016
12,20923,9,2016
12,20924,9,2016
12,20925,9,2016
12,20926,9,2016
12,20927,9,2016
12,20929,9,2016
12,20930,9,2016
12,20931,9,2016
12,20932,9,2016
12,20933,9,2016
12,20934,9,2016
12,20935,9,2016
12,20936,9,2016
8,20970,9,2016
8,20971,9,2016
8,20972,9,2016
8,20973,9,2016
8,20974,9,2016
8,20975,9,2016
8,20979,9,2016
12,2250,9,2016
12,2251,9,2016
12,2252,9,2016
12,2253,9,2016
12,2254,9,2016
12,2258,9,2016
12,2259,9,2016
12,2273,9,2016
12,2274,9,2016
12,22802,9,2016
12,2370,9,2016
12,2371,9,2016
12,2373,9,2016
12,2375,9,2016
12,2376,9,2016
12,23770,9,2016
12,23771,9,2016
12,23772,9,2016
12,23773,9,2016
12,23779,9,2016
12,2379,9,2016
48,2384,9,2016
48,23871,9,2016
46,23872,9,2016
46,23873,9,2016
46,23874,9,2016
46,23875,9,2016
46,23876,9,2016
48,23877,9,2016
48,23879,9,2016
12,2396,9,2016
19,24900,9,2016
19,24901,9,2016
17,24910,9,2016
17,24911,9,2016
17,24920,9,2016
17,24921,9,2016
17,24930,9,2016
17,24931,9,2016
18,24940,9,2016
18,24941,9,2016
18,24950,9,2016
18,24951,9,2016
18,24960,9,2016
18,24961,9,2016
18,24970,9,2016
18,24971,9,2016
18,24980,9,2016
18,24981,9,2016
18,24990,9,2016
18,24991,9,2016
19,25000,9,2016
19,25001,9,2016
19,25002,9,2016
19,25003,9,2016
17,25010,9,2016
17,25011,9,2016
17,25012,9,2016
17,25013,9,2016
17,25020,9,2016
17,25021,9,2016
17,25022,9,2016
17,25023,9,2016
17,25030,9,2016
17,25031,9,2016
17,25032,9,2016
17,25033,9,2016
18,25040,9,2016
18,25041,9,2016
18,25042,9,2016
18,25043,9,2016
18,25050,9,2016
18,25051,9,2016
18,25052,9,2016
18,25053,9,2016
18,25060,9,2016
18,25061,9,2016
18,25062,9,2016
18,25063,9,2016
18,25070,9,2016
18,25071,9,2016
18,25072,9,2016
18,25073,9,2016
18,25080,9,2016
18,25081,9,2016
18,25082,9,2016
18,25083,9,2016
18,25090,9,2016
18,25091,9,2016
18,25092,9,2016
18,25093,9,2016
23,2510,9,2016
23,25200,9,2016
23,25201,9,2016
23,25202,9,2016
23,25208,9,2016
23,2521,9,2016
23,2528,9,2016
23,2529,9,2016
23,2530,9,2016
23,2531,9,2016
23,2532,9,2016
23,2533,9,2016
23,2534,9,2016
23,2535,9,2016
23,2536,9,2016
23,2537,9,2016
23,2538,9,2016
23,2539,9,2016
23,2540,9,2016
23,2541,9,2016
23,2548,9,2016
23,2549,9,2016
23,2550,9,2016
23,25510,9,2016
23,25511,9,2016
23,25512,9,2016
23,25513,9,2016
23,25514,9,2016
23,2552,9,2016
23,2553,9,2016
23,25541,9,2016
23,25542,9,2016
23,2555,9,2016
23,2556,9,2016
23,2558,9,2016
23,2559,9,2016
23,25801,9,2016
23,25802,9,2016
23,25803,9,2016
23,2581,9,2016
23,2588,9,2016
23,2589,9,2016
12,2592,9,2016
21,260,9,2016
21,261,9,2016
21,262,9,2016
21,2630,9,2016
21,2631,9,2016
21,2632,9,2016
21,2638,9,2016
21,2639,9,2016
23,2700,9,2016
23,2701,9,2016
23,2702,9,2016
23,2703,9,2016
23,2704,9,2016
23,2705,9,2016
23,2706,9,2016
23,2707,9,2016
23,2708,9,2016
23,2709,9,2016
23,2710,9,2016
23,2711,9,2016
23,2714,9,2016
23,2718,9,2016
23,2719,9,2016
23,2727,9,2016
23,2732,9,2016
23,2733,9,2016
23,2734,9,2016
23,27501,9,2016
110,27700,9,2016
110,27701,9,2016
110,27702,9,2016
110,27703,9,2016
110,27709,9,2016
23,2771,9,2016
23,2772,9,2016
23,27730,9,2016
23,27731,9,2016
23,27739,9,2016
23,2775,9,2016
23,2776,9,2016
23,27781,9,2016
23,27782,9,2016
23,27783,9,2016
23,27784,9,2016
23,27785,9,2016
23,27786,9,2016
23,27787,9,2016
23,27789,9,2016
22,27801,9,2016
22,27803,9,2016
47,27900,9,2016
47,27901,9,2016
47,27902,9,2016
47,27903,9,2016
47,27904,9,2016
47,27905,9,2016
47,27906,9,2016
47,27909,9,2016
47,27910,9,2016
47,27911,9,2016
47,27912,9,2016
47,27913,9,2016
47,27919,9,2016
47,2792,9,2016
47,2793,9,2016
47,27941,9,2016
47,27949,9,2016
47,27950,9,2016
47,27951,9,2016
47,27952,9,2016
47,27953,9,2016
47,2798,9,2016
47,2799,9,2016
48,2820,9,2016
48,2821,9,2016
48,2822,9,2016
48,2823,9,2016
46,28241,9,2016
46,28242,9,2016
48,28243,9,2016
48,28244,9,2016
48,28245,9,2016
48,28247,9,2016
48,28249,9,2016
48,2825,9,2016
46,28260,9,2016
46,28261,9,2016
46,28262,9,2016
46,28263,9,2016
46,28264,9,2016
46,28268,9,2016
46,28269,9,2016
48,2827,9,2016
48,2828,9,2016
48,2829,9,2016
46,2830,9,2016
46,28310,9,2016
46,28311,9,2016
46,28319,9,2016
46,2832,9,2016
46,2839,9,2016
46,28401,9,2016
46,28409,9,2016
47,28411,9,2016
47,28412,9,2016
47,28419,9,2016
46,2842,9,2016
46,28481,9,2016
46,28489,9,2016
46,2849,9,2016
48,2850,9,2016
46,2860,9,2016
46,2861,9,2016
48,2862,9,2016
48,2863,9,2016
48,2864,9,2016
48,28652,9,2016
48,28653,9,2016
48,28659,9,2016
48,2866,9,2016
48,2867,9,2016
48,2869,9,2016
48,2870,9,2016
48,2871,9,2016
48,2872,9,2016
48,28730,9,2016
48,28731,9,2016
48,28732,9,2016
48,28733,9,2016
48,28739,9,2016
48,2875,9,2016
48,2878,9,2016
48,2879,9,2016
47,28800,9,2016
47,28801,9,2016
47,28802,9,2016
47,28803,9,2016
47,28804,9,2016
47,28809,9,2016
47,2881,9,2016
47,2882,9,2016
47,2884,9,2016
46,28952,9,2016
48,28981,9,2016
48,28982,9,2016
46,28983,9,2016
48,28984,9,2016
52,2900,9,2016
52,29010,9,2016
51,29011,9,2016
51,29012,9,2016
51,29013,9,2016
51,29020,9,2016
51,29021,9,2016
51,2903,9,2016
52,29040,9,2016
51,29041,9,2016
51,29042,9,2016
51,29043,9,2016
52,2908,9,2016
52,2909,9,2016
54,2910,9,2016
54,2911,9,2016
54,2912,9,2016
54,2913,9,2016
54,2914,9,2016
54,2915,9,2016
54,29181,9,2016
54,29182,9,2016
54,29189,9,2016
54,2919,9,2016
54,2920,9,2016
54,29211,9,2016
54,29212,9,2016
54,2922,9,2016
54,29281,9,2016
54,29282,9,2016
54,29283,9,2016
54,29284,9,2016
54,29285,9,2016
54,29289,9,2016
54,2929,9,2016
52,2940,9,2016
52,29410,9,2016
51,29411,9,2016
52,29420,9,2016
51,29421,9,2016
52,2948,9,2016
52,2949,9,2016
57,29500,9,2016
57,29501,9,2016
57,29502,9,2016
57,29503,9,2016
57,29504,9,2016
57,29505,9,2016
57,29510,9,2016
57,29511,9,2016
57,29512,9,2016
57,29513,9,2016
57,29514,9,2016
57,29515,9,2016
57,29520,9,2016
57,29521,9,2016
57,29522,9,2016
57,29523,9,2016
57,29524,9,2016
57,29525,9,2016
57,29530,9,2016
57,29531,9,2016
57,29532,9,2016
57,29533,9,2016
57,29534,9,2016
57,29535,9,2016
57,29540,9,2016
57,29541,9,2016
57,29542,9,2016
57,29543,9,2016
57,29544,9,2016
57,29545,9,2016
57,29550,9,2016
57,29551,9,2016
57,29552,9,2016
57,29553,9,2016
57,29554,9,2016
57,29555,9,2016
57,29560,9,2016
57,29561,9,2016
57,29562,9,2016
57,29563,9,2016
57,29564,9,2016
57,29565,9,2016
57,29570,9,2016
57,29571,9,2016
57,29572,9,2016
57,29573,9,2016
57,29574,9,2016
57,29575,9,2016
57,29580,9,2016
57,29581,9,2016
57,29582,9,2016
57,29583,9,2016
57,29584,9,2016
57,29585,9,2016
57,29590,9,2016
57,29591,9,2016
57,29592,9,2016
57,29593,9,2016
57,29594,9,2016
57,29595,9,2016
58,29600,9,2016
58,29601,9,2016
58,29602,9,2016
58,29603,9,2016
58,29604,9,2016
58,29605,9,2016
58,29606,9,2016
58,29610,9,2016
58,29611,9,2016
58,29612,9,2016
58,29613,9,2016
58,29614,9,2016
58,29615,9,2016
58,29616,9,2016
58,29620,9,2016
58,29621,9,2016
58,29622,9,2016
58,29623,9,2016
58,29624,9,2016
58,29625,9,2016
58,29626,9,2016
58,29630,9,2016
58,29631,9,2016
58,29632,9,2016
58,29633,9,2016
58,29634,9,2016
58,29635,9,2016
58,29636,9,2016
58,29640,9,2016
58,29641,9,2016
58,29642,9,2016
58,29643,9,2016
58,29644,9,2016
58,29645,9,2016
58,29646,9,2016
58,29650,9,2016
58,29651,9,2016
58,29652,9,2016
58,29653,9,2016
58,29654,9,2016
58,29655,9,2016
58,29656,9,2016
58,29660,9,2016
58,29661,9,2016
58,29662,9,2016
58,29663,9,2016
58,29664,9,2016
58,29665,9,2016
58,29666,9,2016
58,2967,9,2016
58,29680,9,2016
58,29681,9,2016
58,29682,9,2016
58,29689,9,2016
58,29690,9,2016
58,29699,9,2016
58,2970,9,2016
58,2971,9,2016
58,2972,9,2016
58,2973,9,2016
58,2978,9,2016
58,2979,9,2016
55,30300,9,2016
55,30301,9,2016
55,30302,9,2016
55,30303,9,2016
55,30390,9,2016
55,30391,9,2016
55,30392,9,2016
55,30393,9,2016
55,30400,9,2016
55,30401,9,2016
55,30402,9,2016
55,30403,9,2016
55,30410,9,2016
55,30411,9,2016
55,30412,9,2016
55,30413,9,2016
55,30420,9,2016
55,30421,9,2016
55,30422,9,2016
55,30423,9,2016
55,30430,9,2016
55,30431,9,2016
55,30432,9,2016
55,30433,9,2016
55,30440,9,2016
55,30441,9,2016
55,30442,9,2016
55,30443,9,2016
55,30450,9,2016
55,30451,9,2016
55,30452,9,2016
55,30453,9,2016
55,30460,9,2016
55,30461,9,2016
55,30462,9,2016
55,30463,9,2016
55,30470,9,2016
55,30471,9,2016
55,30472,9,2016
55,30473,9,2016
55,30480,9,2016
55,30481,9,2016
55,30482,9,2016
55,30483,9,2016
55,30490,9,2016
55,30491,9,2016
55,30492,9,2016
55,30493,9,2016
6,3210,9,2016
72,32302,9,2016
72,32342,9,2016
72,32352,9,2016
72,32363,9,2016
72,32372,9,2016
72,32382,9,2016
52,3300,9,2016
52,3301,9,2016
52,3302,9,2016
52,3303,9,2016
52,3308,9,2016
52,3309,9,2016
52,3310,9,2016
52,33111,9,2016
52,33119,9,2016
52,3312,9,2016
51,3313,9,2016
51,3314,9,2016
51,3315,9,2016
52,3316,9,2016
52,3317,9,2016
52,33181,9,2016
52,33182,9,2016
52,33189,9,2016
52,3319,9,2016
78,3320,9,2016
78,3321,9,2016
78,3330,9,2016
78,3334,9,2016
74,33371,9,2016
72,3340,9,2016
72,3341,9,2016
72,3342,9,2016
72,3343,9,2016
72,3344,9,2016
72,3348,9,2016
72,3349,9,2016
72,3350,9,2016
72,33510,9,2016
72,33511,9,2016
72,33519,9,2016
73,33520,9,2016
73,33521,9,2016
73,33522,9,2016
73,33523,9,2016
73,33524,9,2016
73,33529,9,2016
72,3358,9,2016
72,3359,9,2016
72,3360,9,2016
72,3361,9,2016
72,3362,9,2016
72,3363,9,2016
72,3368,9,2016
72,3369,9,2016
75,33700,9,2016
75,33701,9,2016
75,33709,9,2016
75,3371,9,2016
75,33720,9,2016
75,33721,9,2016
75,33722,9,2016
75,33729,9,2016
75,3373,9,2016
75,3379,9,2016
77,340,9,2016
77,3410,9,2016
77,3411,9,2016
72,34120,9,2016
72,34121,9,2016
72,34122,9,2016
77,3418,9,2016
77,3419,9,2016
103,34200,9,2016
103,34201,9,2016
103,34202,9,2016
103,34210,9,2016
103,34211,9,2016
103,34212,9,2016
103,34280,9,2016
103,34281,9,2016
103,34282,9,2016
103,34290,9,2016
103,34291,9,2016
103,34292,9,2016
74,3430,9,2016
74,3431,9,2016
74,3432,9,2016
74,3433,9,2016
74,3434,9,2016
74,3438,9,2016
74,3439,9,2016
70,34400,9,2016
70,34401,9,2016
70,34402,9,2016
70,34403,9,2016
70,34404,9,2016
70,34409,9,2016
71,3441,9,2016
104,3442,9,2016
104,34430,9,2016
104,34431,9,2016
104,34432,9,2016
104,34440,9,2016
104,34441,9,2016
104,34442,9,2016
104,3445,9,2016
72,34460,9,2016
72,34461,9,2016
104,34481,9,2016
104,34489,9,2016
104,3449,9,2016
79,34500,9,2016
79,34501,9,2016
79,34510,9,2016
79,34511,9,2016
79,3452,9,2016
79,3453,9,2016
79,34540,9,2016
79,34541,9,2016
79,34550,9,2016
79,34551,9,2016
79,34560,9,2016
79,34561,9,2016
79,34570,9,2016
79,34571,9,2016
79,34580,9,2016
79,34581,9,2016
79,34590,9,2016
79,34591,9,2016
80,3481,9,2016
80,3484,9,2016
80,3485,9,2016
176,3491,9,2016
189,3536,9,2016
75,3560,9,2016
75,3561,9,2016
75,3562,9,2016
75,3563,9,2016
75,3564,9,2016
75,3568,9,2016
75,3569,9,2016
75,3570,9,2016
75,3571,9,2016
18,3572,9,2016
75,3572,9,2016
75,3573,9,2016
75,3574,9,2016
75,3575,9,2016
75,3576,9,2016
75,3577,9,2016
75,35781,9,2016
75,35782,9,2016
75,35789,9,2016
75,3579,9,2016
75,35800,9,2016
75,35801,9,2016
75,3581,9,2016
75,3582,9,2016
75,35830,9,2016
75,35831,9,2016
75,35839,9,2016
75,3588,9,2016
75,3589,9,2016
76,3590,9,2016
76,3591,9,2016
76,35921,9,2016
75,35922,9,2016
75,35923,9,2016
75,35924,9,2016
75,35929,9,2016
75,3593,9,2016
75,3594,9,2016
75,3595,9,2016
75,3596,9,2016
75,35971,9,2016
75,35979,9,2016
75,35981,9,2016
75,35989,9,2016
75,3599,9,2016
18,36201,9,2016
18,36202,9,2016
122,36202,9,2016
18,36203,9,2016
18,36204,9,2016
18,36205,9,2016
18,36206,9,2016
18,36207,9,2016
124,36252,9,2016
18,36641,9,2016
122,37923,9,2016
85,39891,9,2016
85,40201,9,2016
85,40211,9,2016
85,40291,9,2016
139,40300,9,2016
136,40301,9,2016
139,40310,9,2016
136,40311,9,2016
139,40390,9,2016
136,40391,9,2016
139,40400,9,2016
85,40401,9,2016
139,40401,9,2016
136,40402,9,2016
85,40403,9,2016
136,40403,9,2016
139,40410,9,2016
85,40411,9,2016
139,40411,9,2016
136,40412,9,2016
85,40413,9,2016
136,40413,9,2016
139,40490,9,2016
85,40491,9,2016
139,40491,9,2016
136,40492,9,2016
85,40493,9,2016
136,40493,9,2016
87,41000,9,2016
86,41001,9,2016
87,41002,9,2016
87,41010,9,2016
86,41011,9,2016
87,41012,9,2016
87,41020,9,2016
86,41021,9,2016
87,41022,9,2016
87,41030,9,2016
86,41031,9,2016
87,41032,9,2016
87,41040,9,2016
86,41041,9,2016
87,41042,9,2016
87,41050,9,2016
86,41051,9,2016
87,41052,9,2016
87,41060,9,2016
86,41061,9,2016
87,41062,9,2016
87,41070,9,2016
86,41071,9,2016
87,41072,9,2016
87,41080,9,2016
86,41081,9,2016
87,41082,9,2016
87,41090,9,2016
86,41091,9,2016
87,41092,9,2016
87,4110,9,2016
87,4111,9,2016
87,41181,9,2016
87,41189,9,2016
88,4130,9,2016
88,4131,9,2016
88,4139,9,2016
85,4150,9,2016
107,41511,9,2016
107,41512,9,2016
107,41513,9,2016
107,41519,9,2016
85,4160,9,2016
85,4161,9,2016
107,4162,9,2016
85,4168,9,2016
85,4169,9,2016
85,4170,9,2016
85,4171,9,2016
85,4178,9,2016
85,4179,9,2016
85,4250,9,2016
85,42511,9,2016
85,42518,9,2016
85,4252,9,2016
85,4253,9,2016
85,4254,9,2016
85,4255,9,2016
85,4257,9,2016
85,4258,9,2016
85,4259,9,2016
96,4260,9,2016
96,4270,9,2016
96,4271,9,2016
96,4272,9,2016
96,42731,9,2016
96,42732,9,2016
84,42741,9,2016
84,42742,9,2016
84,4275,9,2016
96,42781,9,2016
85,4280,9,2016
85,4281,9,2016
85,42820,9,2016
85,42821,9,2016
85,42822,9,2016
85,42823,9,2016
85,42830,9,2016
85,42831,9,2016
85,42832,9,2016
85,42833,9,2016
85,42840,9,2016
85,42841,9,2016
85,42842,9,2016
85,42843,9,2016
85,4289,9,2016
85,4290,9,2016
85,4291,9,2016
86,4295,9,2016
86,4296,9,2016
99,430,9,2016
99,431,9,2016
99,4320,9,2016
99,4321,9,2016
99,4329,9,2016
100,43301,9,2016
100,43311,9,2016
100,43321,9,2016
100,43331,9,2016
100,43381,9,2016
100,43391,9,2016
100,43401,9,2016
100,43411,9,2016
100,43491,9,2016
100,436,9,2016
103,43820,9,2016
103,43821,9,2016
103,43822,9,2016
104,43830,9,2016
104,43831,9,2016
104,43832,9,2016
104,43840,9,2016
104,43841,9,2016
104,43842,9,2016
104,43850,9,2016
104,43851,9,2016
104,43852,9,2016
104,43853,9,2016
108,4400,9,2016
108,4401,9,2016
108,44020,9,2016
108,44021,9,2016
108,44022,9,2016
106,44023,9,2016
106,44024,9,2016
108,44029,9,2016
108,44030,9,2016
108,44031,9,2016
108,44032,9,2016
108,4404,9,2016
107,44100,9,2016
107,44101,9,2016
107,44102,9,2016
107,44103,9,2016
107,4411,9,2016
108,4412,9,2016
107,4413,9,2016
108,4414,9,2016
107,4415,9,2016
107,4416,9,2016
108,4417,9,2016
108,4419,9,2016
108,4420,9,2016
108,4421,9,2016
108,4422,9,2016
108,4423,9,2016
108,44281,9,2016
108,44282,9,2016
108,44283,9,2016
108,44284,9,2016
108,44289,9,2016
108,4429,9,2016
108,4431,9,2016
107,44321,9,2016
107,44322,9,2016
107,44323,9,2016
107,44324,9,2016
107,44329,9,2016
108,44381,9,2016
108,44382,9,2016
108,44389,9,2016
108,4439,9,2016
107,44401,9,2016
107,44409,9,2016
107,4441,9,2016
107,44421,9,2016
107,44422,9,2016
107,44481,9,2016
107,44489,9,2016
107,4449,9,2016
107,44501,9,2016
107,44502,9,2016
107,44581,9,2016
107,44589,9,2016
40,4460,9,2016
40,4461,9,2016
40,44620,9,2016
40,44621,9,2016
40,44629,9,2016
40,4463,9,2016
40,4464,9,2016
40,4465,9,2016
40,4466,9,2016
40,4467,9,2016
108,4470,9,2016
108,4471,9,2016
108,4472,9,2016
108,4473,9,2016
108,4474,9,2016
108,4475,9,2016
108,4476,9,2016
108,44770,9,2016
108,44771,9,2016
108,44772,9,2016
108,44773,9,2016
108,4478,9,2016
108,4479,9,2016
108,4480,9,2016
107,449,9,2016
108,45111,9,2016
108,45119,9,2016
108,45181,9,2016
108,45183,9,2016
108,4530,9,2016
108,4532,9,2016
108,4533,9,2016
108,45340,9,2016
108,45341,9,2016
108,45342,9,2016
108,45350,9,2016
108,45351,9,2016
108,45352,9,2016
108,45372,9,2016
108,45374,9,2016
108,45375,9,2016
108,45376,9,2016
108,45377,9,2016
108,45382,9,2016
108,45384,9,2016
108,45385,9,2016
108,45386,9,2016
108,45387,9,2016
107,4540,9,2016
107,4542,9,2016
27,4560,9,2016
27,4561,9,2016
27,45620,9,2016
27,45621,9,2016
107,45911,9,2016
107,45913,9,2016
107,45931,9,2016
107,45933,9,2016
115,481,9,2016
114,4820,9,2016
114,4821,9,2016
115,4822,9,2016
115,48230,9,2016
115,48231,9,2016
115,48232,9,2016
115,48239,9,2016
114,48240,9,2016
114,48241,9,2016
114,48242,9,2016
114,48249,9,2016
114,48281,9,2016
114,48282,9,2016
114,48283,9,2016
114,48284,9,2016
114,48289,9,2016
6,4841,9,2016
6,4846,9,2016
115,4847,9,2016
111,4910,9,2016
111,4911,9,2016
111,49120,9,2016
111,49121,9,2016
111,49122,9,2016
111,4918,9,2016
111,4919,9,2016
111,4920,9,2016
111,4928,9,2016
111,49320,9,2016
111,49321,9,2016
111,49322,9,2016
112,4940,9,2016
112,4941,9,2016
112,4950,9,2016
112,4951,9,2016
112,4952,9,2016
112,4953,9,2016
112,4954,9,2016
112,4955,9,2016
112,4956,9,2016
112,4957,9,2016
112,4958,9,2016
112,4959,9,2016
111,496,9,2016
112,500,9,2016
112,501,9,2016
112,502,9,2016
112,503,9,2016
112,504,9,2016
112,505,9,2016
112,5060,9,2016
112,5061,9,2016
112,5062,9,2016
112,5063,9,2016
112,5064,9,2016
112,5069,9,2016
114,5070,9,2016
114,5071,9,2016
114,5078,9,2016
112,5080,9,2016
112,5081,9,2016
112,5082,9,2016
112,5088,9,2016
112,5089,9,2016
115,5100,9,2016
115,5109,9,2016
115,5130,9,2016
115,5131,9,2016
112,515,9,2016
112,5160,9,2016
112,5161,9,2016
112,5162,9,2016
112,51630,9,2016
112,51631,9,2016
112,51632,9,2016
112,51633,9,2016
112,51634,9,2016
112,51635,9,2016
112,51636,9,2016
112,51637,9,2016
112,5164,9,2016
112,5165,9,2016
112,51661,9,2016
112,51662,9,2016
112,51663,9,2016
112,51664,9,2016
112,51669,9,2016
112,5168,9,2016
112,5169,9,2016
112,5171,9,2016
112,5172,9,2016
46,5173,9,2016
112,5178,9,2016
111,5181,9,2016
111,5182,9,2016
112,5183,9,2016
84,5184,9,2016
84,51851,9,2016
84,51852,9,2016
84,51853,9,2016
112,5186,9,2016
84,51881,9,2016
84,51882,9,2016
84,51883,9,2016
84,51884,9,2016
82,51900,9,2016
82,51901,9,2016
82,51902,9,2016
82,51909,9,2016
188,53086,9,2016
188,53087,9,2016
33,53110,9,2016
33,53111,9,2016
33,53120,9,2016
33,53121,9,2016
33,53150,9,2016
33,53151,9,2016
33,53160,9,2016
33,53161,9,2016
33,53210,9,2016
33,53211,9,2016
33,53220,9,2016
33,53221,9,2016
33,53250,9,2016
33,53251,9,2016
33,53260,9,2016
33,53261,9,2016
33,53310,9,2016
33,53311,9,2016
33,53320,9,2016
33,53321,9,2016
33,53350,9,2016
33,53351,9,2016
33,53360,9,2016
33,53361,9,2016
33,53410,9,2016
33,53411,9,2016
33,53420,9,2016
33,53421,9,2016
33,53450,9,2016
33,53451,9,2016
33,53460,9,2016
33,53461,9,2016
188,53640,9,2016
188,53641,9,2016
188,53642,9,2016
188,53649,9,2016
35,5550,9,2016
35,5551,9,2016
35,5552,9,2016
35,5559,9,2016
35,5560,9,2016
35,5561,9,2016
35,5562,9,2016
35,5563,9,2016
35,5564,9,2016
35,5565,9,2016
35,5566,9,2016
35,5568,9,2016
35,5569,9,2016
107,5570,9,2016
108,5571,9,2016
108,5579,9,2016
33,5600,9,2016
33,5601,9,2016
33,5602,9,2016
33,56030,9,2016
33,56031,9,2016
33,56032,9,2016
33,56039,9,2016
33,56081,9,2016
33,56089,9,2016
33,5609,9,2016
33,5670,9,2016
33,5671,9,2016
33,56721,9,2016
33,56722,9,2016
33,56723,9,2016
33,56729,9,2016
33,56731,9,2016
33,56738,9,2016
33,56739,9,2016
33,56781,9,2016
33,56782,9,2016
33,56789,9,2016
33,5679,9,2016
188,56960,9,2016
188,56961,9,2016
188,56962,9,2016
188,56969,9,2016
188,56971,9,2016
188,56979,9,2016
33,56983,9,2016
28,5712,9,2016
28,5713,9,2016
29,57140,9,2016
29,57141,9,2016
29,57142,9,2016
29,57149,9,2016
28,5715,9,2016
28,5716,9,2016
27,5722,9,2016
27,5723,9,2016
27,5724,9,2016
27,5728,9,2016
27,5735,9,2016
34,5771,9,2016
141,5800,9,2016
141,5804,9,2016
141,58081,9,2016
141,58089,9,2016
141,5809,9,2016
141,5810,9,2016
141,5811,9,2016
141,5812,9,2016
141,5813,9,2016
141,58181,9,2016
141,58189,9,2016
141,5819,9,2016
141,5820,9,2016
141,5821,9,2016
141,5822,9,2016
141,5824,9,2016
141,58281,9,2016
141,58289,9,2016
141,5829,9,2016
141,5830,9,2016
141,5831,9,2016
141,5832,9,2016
141,5834,9,2016
141,5836,9,2016
141,5837,9,2016
141,58381,9,2016
141,58389,9,2016
141,5839,9,2016
135,5845,9,2016
135,5846,9,2016
135,5847,9,2016
135,5848,9,2016
135,5849,9,2016
139,5851,9,2016
139,5852,9,2016
138,5853,9,2016
137,5854,9,2016
136,5855,9,2016
136,5856,9,2016
139,5859,9,2016
140,586,9,2016
23,5881,9,2016
23,58881,9,2016
107,59381,9,2016
176,59681,9,2016
176,59682,9,2016
176,59683,9,2016
176,62931,9,2016
162,69513,9,2016
162,69514,9,2016
162,69515,9,2016
40,6960,9,2016
160,70700,9,2016
160,70701,9,2016
160,70702,9,2016
160,70703,9,2016
160,70704,9,2016
160,70705,9,2016
160,70706,9,2016
160,70707,9,2016
160,70709,9,2016
161,70710,9,2016
161,70711,9,2016
161,70712,9,2016
161,70713,9,2016
161,70714,9,2016
161,70715,9,2016
161,70719,9,2016
160,70720,9,2016
160,70721,9,2016
159,70722,9,2016
158,70723,9,2016
157,70724,9,2016
158,70725,9,2016
161,7078,9,2016
161,7079,9,2016
40,7100,9,2016
40,7101,9,2016
40,7102,9,2016
40,7103,9,2016
40,7104,9,2016
40,7105,9,2016
40,7108,9,2016
40,7109,9,2016
39,71100,9,2016
39,71101,9,2016
39,71102,9,2016
39,71103,9,2016
39,71104,9,2016
39,71105,9,2016
39,71106,9,2016
39,71107,9,2016
39,71108,9,2016
39,71109,9,2016
40,71110,9,2016
40,71111,9,2016
40,71112,9,2016
40,71113,9,2016
40,71114,9,2016
40,71115,9,2016
40,71116,9,2016
40,71117,9,2016
40,71118,9,2016
40,71119,9,2016
40,71120,9,2016
40,71121,9,2016
40,71122,9,2016
40,71123,9,2016
40,71124,9,2016
40,71125,9,2016
40,71126,9,2016
40,71127,9,2016
40,71128,9,2016
40,71129,9,2016
39,71130,9,2016
39,71131,9,2016
39,71132,9,2016
39,71133,9,2016
39,71134,9,2016
39,71135,9,2016
39,71136,9,2016
39,71137,9,2016
39,71138,9,2016
39,71139,9,2016
39,71140,9,2016
39,71141,9,2016
39,71142,9,2016
39,71143,9,2016
39,71144,9,2016
39,71145,9,2016
39,71146,9,2016
39,71147,9,2016
39,71148,9,2016
39,71149,9,2016
39,71150,9,2016
39,71151,9,2016
39,71152,9,2016
39,71153,9,2016
39,71154,9,2016
39,71155,9,2016
39,71156,9,2016
39,71157,9,2016
39,71158,9,2016
39,71159,9,2016
39,71160,9,2016
39,71161,9,2016
39,71162,9,2016
39,71163,9,2016
39,71164,9,2016
39,71165,9,2016
39,71166,9,2016
39,71167,9,2016
39,71168,9,2016
39,71169,9,2016
39,71170,9,2016
39,71171,9,2016
39,71172,9,2016
39,71173,9,2016
39,71174,9,2016
39,71175,9,2016
39,71176,9,2016
39,71177,9,2016
39,71178,9,2016
39,71179,9,2016
39,71180,9,2016
39,71181,9,2016
39,71182,9,2016
39,71183,9,2016
39,71184,9,2016
39,71185,9,2016
39,71186,9,2016
39,71187,9,2016
39,71188,9,2016
39,71189,9,2016
39,71190,9,2016
39,71191,9,2016
39,71192,9,2016
39,71193,9,2016
39,71194,9,2016
39,71195,9,2016
39,71196,9,2016
39,71197,9,2016
39,71198,9,2016
39,71199,9,2016
40,7140,9,2016
40,7141,9,2016
40,7142,9,2016
40,71430,9,2016
40,71431,9,2016
40,71432,9,2016
40,71433,9,2016
40,7144,9,2016
40,71481,9,2016
40,71489,9,2016
40,7149,9,2016
40,7200,9,2016
40,7201,9,2016
40,7202,9,2016
40,72081,9,2016
40,72089,9,2016
40,7209,9,2016
40,725,9,2016
39,72886,9,2016
39,73000,9,2016
39,73001,9,2016
39,73002,9,2016
39,73003,9,2016
39,73004,9,2016
39,73005,9,2016
39,73006,9,2016
39,73007,9,2016
39,73008,9,2016
39,73009,9,2016
39,73010,9,2016
39,73011,9,2016
39,73012,9,2016
39,73013,9,2016
39,73014,9,2016
39,73015,9,2016
39,73016,9,2016
39,73017,9,2016
39,73018,9,2016
39,73019,9,2016
39,73020,9,2016
39,73021,9,2016
39,73022,9,2016
39,73023,9,2016
39,73024,9,2016
39,73025,9,2016
39,73026,9,2016
39,73027,9,2016
39,73028,9,2016
39,73029,9,2016
39,73030,9,2016
39,73031,9,2016
39,73032,9,2016
39,73033,9,2016
39,73034,9,2016
39,73035,9,2016
39,73036,9,2016
39,73037,9,2016
39,73038,9,2016
39,73039,9,2016
39,73070,9,2016
39,73071,9,2016
39,73072,9,2016
39,73073,9,2016
39,73074,9,2016
39,73075,9,2016
39,73076,9,2016
39,73077,9,2016
39,73078,9,2016
39,73079,9,2016
39,73080,9,2016
39,73081,9,2016
39,73082,9,2016
39,73083,9,2016
39,73084,9,2016
39,73085,9,2016
39,73086,9,2016
39,73087,9,2016
39,73088,9,2016
39,73089,9,2016
39,73090,9,2016
39,73091,9,2016
39,73092,9,2016
39,73093,9,2016
39,73094,9,2016
39,73095,9,2016
39,73096,9,2016
39,73097,9,2016
39,73098,9,2016
39,73099,9,2016
169,73313,9,2016
170,73314,9,2016
170,73315,9,2016
39,73340,9,2016
39,73341,9,2016
39,73342,9,2016
39,73343,9,2016
39,73344,9,2016
39,73345,9,2016
39,73349,9,2016
72,7400,9,2016
72,7401,9,2016
72,7402,9,2016
72,74100,9,2016
72,74101,9,2016
72,74102,9,2016
72,74103,9,2016
72,74190,9,2016
72,74191,9,2016
72,74192,9,2016
72,74193,9,2016
72,7420,9,2016
72,7421,9,2016
72,7422,9,2016
72,7423,9,2016
72,7424,9,2016
72,74251,9,2016
72,74253,9,2016
72,74259,9,2016
72,7428,9,2016
72,7429,9,2016
139,75314,9,2016
12,7595,9,2016
12,7596,9,2016
2,77181,9,2016
80,78001,9,2016
80,78003,9,2016
79,78031,9,2016
79,78032,9,2016
79,78033,9,2016
79,78039,9,2016
70,78072,9,2016
106,7854,9,2016
84,78550,9,2016
84,78551,9,2016
2,78552,9,2016
2,78559,9,2016
84,7980,9,2016
84,7981,9,2016
84,7982,9,2016
84,7989,9,2016
83,7991,9,2016
21,7994,9,2016
167,80000,9,2016
167,80001,9,2016
167,80002,9,2016
166,80003,9,2016
166,80004,9,2016
166,80005,9,2016
167,80006,9,2016
167,80009,9,2016
167,80010,9,2016
167,80011,9,2016
167,80012,9,2016
166,80013,9,2016
166,80014,9,2016
166,80015,9,2016
167,80016,9,2016
167,80019,9,2016
167,80020,9,2016
167,80021,9,2016
167,80022,9,2016
166,80023,9,2016
166,80024,9,2016
166,80025,9,2016
167,80026,9,2016
167,80029,9,2016
167,80030,9,2016
167,80031,9,2016
167,80032,9,2016
166,80033,9,2016
166,80034,9,2016
166,80035,9,2016
167,80036,9,2016
167,80039,9,2016
167,80040,9,2016
167,80041,9,2016
167,80042,9,2016
166,80043,9,2016
166,80044,9,2016
166,80045,9,2016
167,80046,9,2016
167,80049,9,2016
167,80050,9,2016
167,80051,9,2016
167,80052,9,2016
166,80053,9,2016
166,80054,9,2016
166,80055,9,2016
167,80056,9,2016
167,80059,9,2016
167,80060,9,2016
167,80061,9,2016
167,80062,9,2016
166,80063,9,2016
166,80064,9,2016
166,80065,9,2016
167,80066,9,2016
167,80069,9,2016
167,80070,9,2016
167,80071,9,2016
167,80072,9,2016
166,80073,9,2016
166,80074,9,2016
166,80075,9,2016
167,80076,9,2016
167,80079,9,2016
167,80080,9,2016
167,80081,9,2016
167,80082,9,2016
166,80083,9,2016
166,80084,9,2016
166,80085,9,2016
167,80086,9,2016
167,80089,9,2016
167,80090,9,2016
167,80091,9,2016
167,80092,9,2016
166,80093,9,2016
166,80094,9,2016
166,80095,9,2016
167,80096,9,2016
167,80099,9,2016
167,80100,9,2016
167,80101,9,2016
167,80102,9,2016
166,80103,9,2016
166,80104,9,2016
166,80105,9,2016
167,80106,9,2016
167,80109,9,2016
167,80110,9,2016
167,80111,9,2016
167,80112,9,2016
166,80113,9,2016
166,80114,9,2016
166,80115,9,2016
167,80116,9,2016
167,80119,9,2016
167,80120,9,2016
167,80121,9,2016
167,80122,9,2016
166,80123,9,2016
166,80124,9,2016
166,80125,9,2016
167,80126,9,2016
167,80129,9,2016
167,80130,9,2016
167,80131,9,2016
167,80132,9,2016
166,80133,9,2016
166,80134,9,2016
166,80135,9,2016
167,80136,9,2016
167,80139,9,2016
167,80140,9,2016
167,80141,9,2016
167,80142,9,2016
166,80143,9,2016
166,80144,9,2016
166,80145,9,2016
167,80146,9,2016
167,80149,9,2016
167,80150,9,2016
167,80151,9,2016
167,80152,9,2016
166,80153,9,2016
166,80154,9,2016
166,80155,9,2016
167,80156,9,2016
167,80159,9,2016
167,80160,9,2016
167,80161,9,2016
167,80162,9,2016
166,80163,9,2016
166,80164,9,2016
166,80165,9,2016
167,80166,9,2016
167,80169,9,2016
167,80170,9,2016
167,80171,9,2016
167,80172,9,2016
166,80173,9,2016
166,80174,9,2016
166,80175,9,2016
167,80176,9,2016
167,80179,9,2016
167,80180,9,2016
167,80181,9,2016
167,80182,9,2016
166,80183,9,2016
166,80184,9,2016
166,80185,9,2016
167,80186,9,2016
167,80189,9,2016
167,80190,9,2016
167,80191,9,2016
167,80192,9,2016
166,80193,9,2016
166,80194,9,2016
166,80195,9,2016
167,80196,9,2016
167,80199,9,2016
167,80220,9,2016
167,80221,9,2016
167,80222,9,2016
167,80223,9,2016
167,80224,9,2016
167,80225,9,2016
167,80226,9,2016
167,80227,9,2016
167,80228,9,2016
167,80229,9,2016
167,80230,9,2016
167,80231,9,2016
167,80232,9,2016
167,80233,9,2016
167,80234,9,2016
167,80235,9,2016
167,80236,9,2016
167,80237,9,2016
167,80238,9,2016
167,80239,9,2016
167,8024,9,2016
167,8025,9,2016
167,8026,9,2016
167,8027,9,2016
167,8028,9,2016
167,8029,9,2016
167,80300,9,2016
167,80301,9,2016
167,80302,9,2016
166,80303,9,2016
166,80304,9,2016
166,80305,9,2016
167,80306,9,2016
167,80309,9,2016
167,80310,9,2016
167,80311,9,2016
167,80312,9,2016
166,80313,9,2016
166,80314,9,2016
166,80315,9,2016
167,80316,9,2016
167,80319,9,2016
167,80320,9,2016
167,80321,9,2016
167,80322,9,2016
166,80323,9,2016
166,80324,9,2016
166,80325,9,2016
167,80326,9,2016
167,80329,9,2016
167,80330,9,2016
167,80331,9,2016
167,80332,9,2016
166,80333,9,2016
166,80334,9,2016
166,80335,9,2016
167,80336,9,2016
167,80339,9,2016
167,80340,9,2016
167,80341,9,2016
167,80342,9,2016
166,80343,9,2016
166,80344,9,2016
166,80345,9,2016
167,80346,9,2016
167,80349,9,2016
167,80350,9,2016
167,80351,9,2016
167,80352,9,2016
166,80353,9,2016
166,80354,9,2016
166,80355,9,2016
167,80356,9,2016
167,80359,9,2016
167,80360,9,2016
167,80361,9,2016
167,80362,9,2016
166,80363,9,2016
166,80364,9,2016
166,80365,9,2016
167,80366,9,2016
167,80369,9,2016
167,80370,9,2016
167,80371,9,2016
167,80372,9,2016
166,80373,9,2016
166,80374,9,2016
166,80375,9,2016
167,80376,9,2016
167,80379,9,2016
167,80380,9,2016
167,80381,9,2016
167,80382,9,2016
166,80383,9,2016
166,80384,9,2016
166,80385,9,2016
167,80386,9,2016
167,80389,9,2016
167,80390,9,2016
167,80391,9,2016
167,80392,9,2016
166,80393,9,2016
166,80394,9,2016
166,80395,9,2016
167,80396,9,2016
167,80399,9,2016
167,80400,9,2016
167,80401,9,2016
167,80402,9,2016
166,80403,9,2016
166,80404,9,2016
166,80405,9,2016
167,80406,9,2016
167,80409,9,2016
167,80410,9,2016
167,80411,9,2016
167,80412,9,2016
166,80413,9,2016
166,80414,9,2016
166,80415,9,2016
167,80416,9,2016
167,80419,9,2016
167,80420,9,2016
167,80421,9,2016
167,80422,9,2016
166,80423,9,2016
166,80424,9,2016
166,80425,9,2016
167,80426,9,2016
167,80429,9,2016
167,80430,9,2016
167,80431,9,2016
167,80432,9,2016
166,80433,9,2016
166,80434,9,2016
166,80435,9,2016
167,80436,9,2016
167,80439,9,2016
167,80440,9,2016
167,80441,9,2016
167,80442,9,2016
166,80443,9,2016
166,80444,9,2016
166,80445,9,2016
167,80446,9,2016
167,80449,9,2016
167,80450,9,2016
167,80451,9,2016
167,80452,9,2016
166,80453,9,2016
166,80454,9,2016
166,80455,9,2016
167,80456,9,2016
167,80459,9,2016
167,80460,9,2016
167,80461,9,2016
167,80462,9,2016
166,80463,9,2016
166,80464,9,2016
166,80465,9,2016
167,80466,9,2016
167,80469,9,2016
167,80470,9,2016
167,80471,9,2016
167,80472,9,2016
166,80473,9,2016
166,80474,9,2016
166,80475,9,2016
167,80476,9,2016
167,80479,9,2016
167,80480,9,2016
167,80481,9,2016
167,80482,9,2016
166,80483,9,2016
166,80484,9,2016
166,80485,9,2016
167,80486,9,2016
167,80489,9,2016
167,80490,9,2016
167,80491,9,2016
167,80492,9,2016
166,80493,9,2016
166,80494,9,2016
166,80495,9,2016
167,80496,9,2016
167,80499,9,2016
169,80500,9,2016
169,80501,9,2016
169,80502,9,2016
169,80503,9,2016
169,80504,9,2016
169,80505,9,2016
169,80506,9,2016
169,80507,9,2016
169,80508,9,2016
169,80510,9,2016
169,80511,9,2016
169,80512,9,2016
169,80513,9,2016
169,80514,9,2016
169,80515,9,2016
169,80516,9,2016
169,80517,9,2016
169,80518,9,2016
169,8052,9,2016
169,8053,9,2016
169,8054,9,2016
169,8055,9,2016
169,8056,9,2016
169,8057,9,2016
169,8058,9,2016
169,8059,9,2016
72,80600,9,2016
70,80601,9,2016
72,80602,9,2016
72,80603,9,2016
72,80604,9,2016
72,80605,9,2016
70,80606,9,2016
72,80607,9,2016
72,80608,9,2016
72,80609,9,2016
72,80610,9,2016
70,80611,9,2016
72,80612,9,2016
72,80613,9,2016
72,80614,9,2016
72,80615,9,2016
70,80616,9,2016
72,80617,9,2016
72,80618,9,2016
72,80619,9,2016
72,80620,9,2016
71,80621,9,2016
72,80622,9,2016
72,80623,9,2016
72,80624,9,2016
72,80625,9,2016
71,80626,9,2016
72,80627,9,2016
72,80628,9,2016
72,80629,9,2016
72,80630,9,2016
71,80631,9,2016
72,80632,9,2016
72,80633,9,2016
72,80634,9,2016
72,80635,9,2016
71,80636,9,2016
72,80637,9,2016
72,80638,9,2016
72,80639,9,2016
72,8064,9,2016
72,8065,9,2016
72,80660,9,2016
72,80661,9,2016
72,80662,9,2016
72,80669,9,2016
72,80670,9,2016
72,80671,9,2016
72,80672,9,2016
72,80679,9,2016
72,8068,9,2016
72,8069,9,2016
170,8080,9,2016
170,8081,9,2016
170,8082,9,2016
170,8083,9,2016
170,80841,9,2016
170,80842,9,2016
170,80843,9,2016
170,80844,9,2016
170,80849,9,2016
170,80851,9,2016
170,80852,9,2016
170,80853,9,2016
170,80854,9,2016
170,80859,9,2016
170,8088,9,2016
170,8089,9,2016
170,82000,9,2016
170,82001,9,2016
170,82002,9,2016
170,82003,9,2016
170,82009,9,2016
170,82010,9,2016
170,82011,9,2016
170,82012,9,2016
170,82013,9,2016
170,82019,9,2016
170,82020,9,2016
170,82021,9,2016
170,82022,9,2016
170,82030,9,2016
170,82031,9,2016
170,82032,9,2016
170,8208,9,2016
170,8209,9,2016
170,82100,9,2016
170,82101,9,2016
170,82110,9,2016
170,82111,9,2016
170,82120,9,2016
170,82121,9,2016
170,82122,9,2016
170,82123,9,2016
170,82129,9,2016
170,82130,9,2016
170,82131,9,2016
170,82132,9,2016
170,82133,9,2016
170,82139,9,2016
170,83500,9,2016
170,83501,9,2016
170,83502,9,2016
170,83503,9,2016
170,83510,9,2016
170,83511,9,2016
170,83512,9,2016
170,83513,9,2016
167,8502,9,2016
167,8503,9,2016
167,8504,9,2016
167,85100,9,2016
167,85101,9,2016
167,85102,9,2016
166,85103,9,2016
166,85104,9,2016
166,85105,9,2016
167,85106,9,2016
167,85109,9,2016
167,85110,9,2016
167,85111,9,2016
167,85112,9,2016
166,85113,9,2016
166,85114,9,2016
166,85115,9,2016
167,85116,9,2016
167,85119,9,2016
167,85120,9,2016
167,85121,9,2016
167,85122,9,2016
166,85123,9,2016
166,85124,9,2016
166,85125,9,2016
167,85126,9,2016
167,85129,9,2016
167,85130,9,2016
167,85131,9,2016
167,85132,9,2016
166,85133,9,2016
166,85134,9,2016
166,85135,9,2016
167,85136,9,2016
167,85139,9,2016
167,85140,9,2016
167,85141,9,2016
167,85142,9,2016
166,85143,9,2016
166,85144,9,2016
166,85145,9,2016
167,85146,9,2016
167,85149,9,2016
167,85150,9,2016
167,85151,9,2016
167,85152,9,2016
166,85153,9,2016
166,85154,9,2016
166,85155,9,2016
167,85156,9,2016
167,85159,9,2016
167,85160,9,2016
167,85161,9,2016
167,85162,9,2016
166,85163,9,2016
166,85164,9,2016
166,85165,9,2016
167,85166,9,2016
167,85169,9,2016
167,85170,9,2016
167,85171,9,2016
167,85172,9,2016
166,85173,9,2016
166,85174,9,2016
166,85175,9,2016
167,85176,9,2016
167,85179,9,2016
167,85180,9,2016
167,85181,9,2016
167,85182,9,2016
166,85183,9,2016
166,85184,9,2016
166,85185,9,2016
167,85186,9,2016
167,85189,9,2016
167,85190,9,2016
167,85191,9,2016
167,85192,9,2016
166,85193,9,2016
166,85194,9,2016
166,85195,9,2016
167,85196,9,2016
167,85199,9,2016
167,85200,9,2016
167,85201,9,2016
167,85202,9,2016
166,85203,9,2016
166,85204,9,2016
166,85205,9,2016
167,85206,9,2016
167,85209,9,2016
167,85210,9,2016
167,85211,9,2016
167,85212,9,2016
166,85213,9,2016
166,85214,9,2016
166,85215,9,2016
167,85216,9,2016
167,85219,9,2016
167,85220,9,2016
167,85221,9,2016
167,85222,9,2016
166,85223,9,2016
166,85224,9,2016
166,85225,9,2016
167,85226,9,2016
167,85229,9,2016
167,85230,9,2016
167,85231,9,2016
167,85232,9,2016
166,85233,9,2016
166,85234,9,2016
166,85235,9,2016
167,85236,9,2016
167,85239,9,2016
167,85240,9,2016
167,85241,9,2016
167,85242,9,2016
166,85243,9,2016
166,85244,9,2016
166,85245,9,2016
167,85246,9,2016
167,85249,9,2016
167,85250,9,2016
167,85251,9,2016
167,85252,9,2016
166,85253,9,2016
166,85254,9,2016
166,85255,9,2016
167,85256,9,2016
167,85259,9,2016
167,85300,9,2016
167,85301,9,2016
167,85302,9,2016
166,85303,9,2016
166,85304,9,2016
166,85305,9,2016
167,85306,9,2016
167,85309,9,2016
167,85310,9,2016
167,85311,9,2016
167,85312,9,2016
166,85313,9,2016
166,85314,9,2016
166,85315,9,2016
167,85316,9,2016
167,85319,9,2016
167,85400,9,2016
167,85401,9,2016
167,85402,9,2016
166,85403,9,2016
166,85404,9,2016
166,85405,9,2016
167,85406,9,2016
167,85409,9,2016
167,85410,9,2016
167,85411,9,2016
167,85412,9,2016
166,85413,9,2016
166,85414,9,2016
166,85415,9,2016
167,85416,9,2016
167,85419,9,2016
173,8870,9,2016
173,8871,9,2016
173,8872,9,2016
173,8873,9,2016
173,8874,9,2016
173,8875,9,2016
173,8876,9,2016
173,8877,9,2016
173,8950,9,2016
173,8951,9,2016
173,8960,9,2016
173,8961,9,2016
173,8962,9,2016
173,8963,9,2016
173,8970,9,2016
173,8971,9,2016
173,8972,9,2016
173,8973,9,2016
173,8974,9,2016
173,8975,9,2016
173,8976,9,2016
173,8977,9,2016
167,9050,9,2016
189,9059,9,2016
167,9070,9,2016
72,9072,9,2016
162,94811,9,2016
162,94821,9,2016
162,94822,9,2016
162,94831,9,2016
162,94832,9,2016
162,94833,9,2016
162,94841,9,2016
162,94842,9,2016
162,94843,9,2016
162,94844,9,2016
162,94851,9,2016
162,94852,9,2016
162,94853,9,2016
162,94854,9,2016
162,94855,9,2016
162,94861,9,2016
162,94862,9,2016
162,94863,9,2016
162,94864,9,2016
162,94865,9,2016
162,94866,9,2016
162,94871,9,2016
162,94872,9,2016
162,94873,9,2016
162,94874,9,2016
162,94875,9,2016
162,94876,9,2016
162,94877,9,2016
162,94881,9,2016
162,94882,9,2016
162,94883,9,2016
162,94884,9,2016
162,94885,9,2016
162,94886,9,2016
162,94887,9,2016
162,94888,9,2016
162,94891,9,2016
162,94892,9,2016
162,94893,9,2016
162,94894,9,2016
162,94895,9,2016
162,94896,9,2016
162,94897,9,2016
162,94898,9,2016
162,94899,9,2016
72,95200,9,2016
70,95201,9,2016
72,95202,9,2016
72,95203,9,2016
72,95204,9,2016
72,95205,9,2016
70,95206,9,2016
72,95207,9,2016
72,95208,9,2016
72,95209,9,2016
72,95210,9,2016
71,95211,9,2016
72,95212,9,2016
72,95213,9,2016
72,95214,9,2016
72,95215,9,2016
71,95216,9,2016
72,95217,9,2016
72,95218,9,2016
72,95219,9,2016
72,9522,9,2016
72,9523,9,2016
72,9524,9,2016
72,9528,9,2016
72,9529,9,2016
173,9580,9,2016
173,9581,9,2016
173,9582,9,2016
173,9583,9,2016
173,9584,9,2016
173,9585,9,2016
173,9586,9,2016
173,9587,9,2016
173,9588,9,2016
173,95890,9,2016
173,95891,9,2016
173,95892,9,2016
173,95893,9,2016
173,95899,9,2016
2,99590,9,2016
2,99591,9,2016
2,99592,9,2016
2,99593,9,2016
2,99594,9,2016
176,9961,9,2016
176,9962,9,2016
176,99630,9,2016
176,99631,9,2016
176,99639,9,2016
176,99640,9,2016
176,99641,9,2016
176,99642,9,2016
176,99643,9,2016
176,99644,9,2016
176,99645,9,2016
176,99646,9,2016
176,99647,9,2016
176,99649,9,2016
134,99656,9,2016
176,99660,9,2016
176,99661,9,2016
176,99662,9,2016
176,99663,9,2016
176,99664,9,2016
176,99665,9,2016
176,99666,9,2016
176,99667,9,2016
134,99668,9,2016
176,99669,9,2016
134,99673,9,2016
176,99674,9,2016
176,99675,9,2016
176,99676,9,2016
176,99677,9,2016
176,99678,9,2016
186,99682,9,2016
186,99683,9,2016
186,99684,9,2016
186,99685,9,2016
186,99686,9,2016
186,99687,9,2016
186,99688,9,2016
173,99690,9,2016
173,99691,9,2016
173,99692,9,2016
173,99693,9,2016
173,99694,9,2016
173,99695,9,2016
173,99696,9,2016
173,99699,9,2016
100,99702,9,2016
114,99731,9,2016
189,99760,9,2016
189,99761,9,2016
189,99762,9,2016
189,99769,9,2016
84,99801,9,2016
2,99802,9,2016
58,E9500,9,2016
58,E9501,9,2016
58,E9502,9,2016
58,E9503,9,2016
58,E9504,9,2016
58,E9505,9,2016
58,E9506,9,2016
58,E9507,9,2016
58,E9508,9,2016
58,E9509,9,2016
58,E9510,9,2016
58,E9511,9,2016
58,E9518,9,2016
58,E9520,9,2016
58,E9521,9,2016
58,E9528,9,2016
58,E9529,9,2016
58,E9530,9,2016
58,E9531,9,2016
58,E9538,9,2016
58,E9539,9,2016
58,E954,9,2016
58,E9550,9,2016
58,E9551,9,2016
58,E9552,9,2016
58,E9553,9,2016
58,E9554,9,2016
58,E9555,9,2016
58,E9556,9,2016
58,E9557,9,2016
58,E9559,9,2016
58,E956,9,2016
58,E9570,9,2016
58,E9571,9,2016
58,E9572,9,2016
58,E9579,9,2016
58,E9580,9,2016
58,E9581,9,2016
58,E9582,9,2016
58,E9583,9,2016
58,E9584,9,2016
58,E9585,9,2016
58,E9586,9,2016
58,E9587,9,2016
58,E9588,9,2016
58,E9589,9,2016
58,E959,9,2016
1,V08,9,2016
186,V421,9,2016
186,V426,9,2016
186,V427,9,2016
186,V4281,9,2016
186,V4282,9,2016
186,V4283,9,2016
186,V4284,9,2016
186,V4321,9,2016
186,V4322,9,2016
82,V440,9,2016
188,V441,9,2016
188,V442,9,2016
188,V443,9,2016
188,V444,9,2016
188,V4450,9,2016
188,V4451,9,2016
188,V4452,9,2016
188,V4459,9,2016
188,V446,9,2016
188,V448,9,2016
188,V449,9,2016
134,V4511,9,2016
134,V4512,9,2016
82,V4611,9,2016
82,V4612,9,2016
82,V4613,9,2016
82,V4614,9,2016
189,V4970,9,2016
189,V4971,9,2016
189,V4972,9,2016
189,V4973,9,2016
189,V4974,9,2016
189,V4975,9,2016
189,V4976,9,2016
189,V4977,9,2016
189,V521,9,2016
82,V550,9,2016
188,V551,9,2016
188,V552,9,2016
188,V553,9,2016
188,V554,9,2016
188,V555,9,2016
188,V556,9,2016
188,V558,9,2016
188,V559,9,2016
134,V560,9,2016
134,V561,9,2016
134,V562,9,2016
134,V5631,9,2016
134,V5632,9,2016
134,V568,9,2016
19,V5867,9,2016
22,V8541,9,2016
22,V8542,9,2016
22,V8543,9,2016
22,V8544,9,2016
22,V8545,9,2016
18,36202,9,2015
85,40403,9,2015
85,40413,9,2015
85,40493,9,2015
